,sna,tot,sbi,sarea,mday,bemp,act
0,YouBike2.0_捷運科技大樓站,28,2,大安區,2023-05-27 16:10:21,23,1
1,YouBike2.0_復興南路二段273號前,21,0,大安區,2023-05-27 16:01:04,21,1
2,YouBike2.0_國北教大實小東側門,16,0,大安區,2023-05-27 16:01:04,15,1
3,YouBike2.0_和平公園東側,11,0,大安區,2023-05-27 16:08:04,11,1
4,YouBike2.0_辛亥復興路口西北側,16,0,大安區,2023-05-27 16:05:04,16,1
5,YouBike2.0_復興南路二段280號前,11,1,大安區,2023-05-27 16:06:15,10,1
6,YouBike2.0_復興南路二段340巷口,11,0,大安區,2023-05-27 14:24:04,10,1
7,YouBike2.0_新生南路三段52號前,17,0,大安區,2023-05-27 15:26:04,16,1
8,YouBike2.0_新生南路三段66號前,16,0,大安區,2023-05-27 16:09:04,16,1
9,YouBike2.0_新生南路三段82號前,20,0,大安區,2023-05-27 16:11:18,19,1
10,YouBike2.0_辛亥路一段30號前,8,3,大安區,2023-05-27 16:01:15,5,1
11,YouBike2.0_和平復興路口西北側,9,0,大安區,2023-05-27 16:11:06,8,1
12,YouBike2.0_羅斯福路三段311號前,11,5,大安區,2023-05-27 16:11:18,6,1
13,YouBike2.0_大安運動中心停車場,14,4,大安區,2023-05-27 16:01:15,10,1
14,YouBike2.0_羅斯福路三段245號前,8,5,大安區,2023-05-27 16:04:14,3,1
15,YouBike2.0_溫州公園,5,2,大安區,2023-05-27 16:06:15,3,1
16,YouBike2.0_和平臥龍街口,15,1,大安區,2023-05-27 16:09:14,14,1
17,YouBike2.0_溫州停車場,5,4,大安區,2023-05-27 16:05:15,1,1
22,YouBike2.0_臺灣科技大學側門,99,1,大安區,2023-05-27 16:11:18,97,1
23,YouBike2.0_公館公園,15,0,大安區,2023-05-27 15:41:04,15,1
24,YouBike2.0_臺灣科技大學後門,39,5,大安區,2023-05-27 16:11:18,33,1
25,YouBike2.0_臺大醫學院附設癌醫中心,20,1,大安區,2023-05-27 15:40:22,19,1
26,YouBike2.0_臺大環研大樓,15,0,大安區,2023-05-27 16:03:04,15,1
29,YouBike2.0_臺大男一舍前,61,5,大安區,2023-05-27 16:10:22,56,1
32,YouBike2.0_臺大土木研究大樓前,24,3,大安區,2023-05-27 16:08:19,20,1
33,YouBike2.0_臺大萬才館前,20,4,大安區,2023-05-27 16:10:22,16,1
34,YouBike2.0_臺大國青大樓宿舍前,20,5,大安區,2023-05-27 16:05:15,15,1
35,YouBike2.0_臺大社科院圖書館前,27,4,大安區,2023-05-27 16:11:18,23,1
39,YouBike2.0_基隆長興路口東側,15,1,大安區,2023-05-27 15:58:14,14,1
40,YouBike2.0_國北教大側門南側,25,5,大安區,2023-05-27 16:11:18,19,1
41,YouBike2.0_和平實小東北側,13,3,大安區,2023-05-27 16:11:18,10,1
42,YouBike2.0_大安區健康服務中心,15,1,大安區,2023-05-27 15:58:14,14,1
43,YouBike2.0_辛亥泰順街口,20,0,大安區,2023-05-27 16:11:06,18,1
46,YouBike2.0_臥龍公園,14,3,大安區,2023-05-27 15:44:14,11,1
49,YouBike2.0_捷運六張犁站,64,1,大安區,2023-05-27 16:11:18,63,1
50,YouBike2.0_喬治工商,26,4,大安區,2023-05-27 16:07:14,21,1
51,YouBike2.0_法治公園,15,3,大安區,2023-05-27 16:11:18,11,1
52,YouBike2.0_捷運臺電大樓站(2號出口),15,0,大安區,2023-05-27 16:09:04,15,1
54,YouBike2.0_和平龍泉街口,34,4,大安區,2023-05-27 16:10:22,29,1
55,YouBike2.0_和平泰順街口,9,2,大安區,2023-05-27 16:11:18,7,1
58,YouBike2.0_捷運古亭站(5號出口),14,4,大安區,2023-05-27 16:05:15,10,1
63,YouBike2.0_捷運東門站(3號出口),15,1,大安區,2023-05-27 16:10:22,14,1
67,YouBike2.0_敦化南路二段293巷口南側,14,2,大安區,2023-05-27 16:10:22,12,1
68,YouBike2.0_敦化基隆路口,29,3,大安區,2023-05-27 15:56:16,24,1
69,YouBike2.0_安和路二段181巷口,17,3,大安區,2023-05-27 16:07:14,14,1
71,YouBike2.0_臨江街夜市(基隆路),17,1,大安區,2023-05-27 16:08:19,15,1
73,YouBike2.0_新生南路一段119巷口,33,2,大安區,2023-05-27 16:07:14,28,1
75,YouBike2.0_民榮公園,15,0,大安區,2023-04-20 07:22:04,15,0
79,YouBike2.0_捷運大安站(4號出口),13,2,大安區,2023-05-27 16:10:22,9,1
80,YouBike2.0_捷運大安站(2號出口),22,5,大安區,2023-05-27 16:09:14,17,1
81,YouBike2.0_信義大安路口(信維大樓),12,1,大安區,2023-05-27 16:01:15,10,1
83,YouBike2.0_仁愛安和路口,25,5,大安區,2023-05-27 16:06:15,20,1
85,YouBike2.0_仁愛國中,25,5,大安區,2023-05-27 16:11:18,18,1
86,YouBike2.0_捷運信義安和站(2號出口),26,3,大安區,2023-05-27 15:55:23,22,1
88,YouBike2.0_昌隆公園,16,2,大安區,2023-05-27 15:55:23,13,1
90,YouBike2.0_信義延吉街口,15,1,大安區,2023-05-27 15:53:15,14,1
91,YouBike2.0_光信公園(光復南路456巷),15,1,大安區,2023-05-27 16:07:14,13,1
92,YouBike2.0_僑安地下停車場(2號出口)東南側,20,3,大安區,2023-05-27 16:09:14,16,1
93,YouBike2.0_建國南路一段279巷口,32,5,大安區,2023-05-27 16:07:14,27,1
94,YouBike2.0_捷運忠孝新生站(6號出口),15,0,大安區,2023-05-27 15:59:04,15,1
95,YouBike2.0_捷運忠孝新生站(4號出口),34,0,大安區,2023-05-27 16:08:04,33,1
96,YouBike2.0_大安高工,23,0,大安區,2023-05-27 16:03:04,22,1
97,YouBike2.0_捷運忠孝新生站(3號出口),23,0,大安區,2023-05-27 16:11:18,23,1
98,YouBike2.0_瑠公公園,20,1,大安區,2023-05-27 16:03:15,18,1
99,YouBike2.0_敦化市民路口,23,5,大安區,2023-05-27 15:56:16,15,1
102,YouBike2.0_東豐公園,19,3,大安區,2023-05-27 16:08:19,15,1
103,YouBike2.0_德安公園(四維路66巷),14,2,大安區,2023-05-27 16:10:22,12,1
105,YouBike2.0_捷運忠孝敦化站(2號出口),17,4,大安區,2023-05-27 16:10:22,13,1
106,YouBike2.0_捷運忠孝敦化站(7號出口),18,3,大安區,2023-05-27 16:07:14,14,1
108,YouBike2.0_樂利路21巷口,17,0,大安區,2023-05-27 15:45:05,17,1
109,YouBike2.0_捷運科技大樓站(台北教育大學),46,0,大安區,2023-05-27 16:10:22,46,1
111,YouBike2.0_仁愛醫院,30,0,大安區,2023-05-27 16:11:18,30,1
113,YouBike2.0_成功國宅,30,5,大安區,2023-05-27 16:11:18,25,1
114,YouBike2.0_仁愛延吉街口,25,5,大安區,2023-05-27 16:11:18,20,1
115,YouBike2.0_捷運信義安和站(1號出口),33,1,大安區,2023-05-27 16:11:18,31,1
116,YouBike2.0_敦化南路二段103巷口,24,0,大安區,2023-05-27 16:05:04,24,1
117,YouBike2.0_復興南路二段128巷口,28,0,大安區,2023-05-27 16:09:04,28,1
118,YouBike2.0_和平東建國南路口,17,1,大安區,2023-05-27 16:06:15,15,1
119,YouBike2.0_芳蘭山莊,16,2,大安區,2023-05-27 16:01:15,14,1
121,YouBike2.0_捷運東門站(5號出口),28,0,大安區,2023-05-27 16:10:22,27,1
122,YouBike2.0_仁愛路四段48巷口,11,4,大安區,2023-05-27 16:11:18,7,1
124,YouBike2.0_臺北科技大學(電機工程系),16,2,大安區,2023-05-27 16:09:14,14,1
126,YouBike2.0_新生南路三段94巷口,15,4,大安區,2023-05-27 16:05:15,10,1
127,YouBike2.0_辛亥新生路口西北側,12,5,大安區,2023-05-27 16:03:15,6,1
128,YouBike2.0_捷運大安站(6號出口),19,2,大安區,2023-05-27 16:10:22,17,1
130,YouBike2.0_辛亥路三段157巷口,19,0,大安區,2023-05-27 15:42:03,19,1
131,YouBike2.0_臥龍基隆路口,16,5,大安區,2023-05-27 16:06:15,11,1
132,YouBike2.0_敦親公園,20,4,大安區,2023-05-27 16:08:19,16,1
134,YouBike2.0_和平敦化路口,25,4,大安區,2023-05-27 16:01:15,20,1
135,YouBike2.0_基隆長興路口,43,1,大安區,2023-05-27 16:09:14,42,1
136,YouBike2.0_仁愛路四段122巷口,16,1,大安區,2023-05-27 15:59:04,15,1
137,YouBike2.0_市民敦化路口,15,2,大安區,2023-05-27 15:51:15,13,1
138,YouBike2.0_忠孝東路四段49巷口,15,4,大安區,2023-05-27 16:01:15,10,1
143,YouBike2.0_仁愛敦南圓環(東南側),16,5,大安區,2023-05-27 16:11:18,7,1
144,YouBike2.0_臺北遠企購物中心,33,0,大安區,2023-05-27 15:28:04,32,1
146,YouBike2.0_四維路170巷口,22,1,大安區,2023-05-27 16:11:18,21,1
148,YouBike2.0_捷運臺電大樓站(2號出口)_1,31,2,大安區,2023-05-27 16:06:15,28,1
151,YouBike2.0_敦化南路二段81巷,40,3,大安區,2023-05-27 16:10:22,36,1
152,YouBike2.0_原臺北刑務所官舍,23,2,大安區,2023-05-27 16:07:14,21,1
154,YouBike2.0_懷生國中,15,5,大安區,2023-05-27 16:11:18,9,1
155,YouBike2.0_仁愛敦南圓環(西北側),20,3,大安區,2023-05-27 16:08:20,16,1
158,YouBike2.0_捷運大安站(5號出口),19,1,大安區,2023-05-27 16:11:18,15,1
159,YouBike2.0_臨江公園,13,1,大安區,2023-05-27 15:56:16,11,1
160,YouBike2.0_羅斯福路四段113巷19弄口,14,0,大安區,2023-05-27 15:57:04,13,1
163,YouBike2.0_樂利路101巷口,13,1,大安區,2023-05-27 15:48:14,12,1
164,YouBike2.0_羅斯福浦城街口,15,5,大安區,2023-05-27 16:10:22,10,1
166,YouBike2.0_臺北市立圖書館大同分館,20,4,大同區,2023-05-27 16:07:14,16,1
167,YouBike2.0_合昌宮,15,3,大同區,2023-05-27 16:06:15,12,1
168,YouBike2.0_民族延平路口,23,3,大同區,2023-05-27 16:10:22,20,1
169,YouBike2.0_重慶酒泉街口,30,1,大同區,2023-05-27 15:56:04,29,1
172,YouBike2.0_臺北孔廟,27,1,大同區,2023-05-27 16:11:18,26,1
173,YouBike2.0_捷運圓山站(1號出口),44,1,大同區,2023-05-27 16:10:22,40,1
175,YouBike2.0_重慶國中,37,4,大同區,2023-05-27 15:53:15,33,1
176,YouBike2.0_重慶北路三段383巷口,25,5,大同區,2023-05-27 16:10:22,20,1
177,YouBike2.0_台北數位產業園區,24,4,大同區,2023-05-27 16:09:14,20,1
178,YouBike2.0_民權延平路口(西北側),20,3,大同區,2023-05-27 15:47:14,17,1
179,YouBike2.0_民權迪化街口,23,2,大同區,2023-05-27 16:04:14,21,1
181,YouBike2.0_大龍老人住宅,14,4,大同區,2023-05-27 15:54:15,10,1
182,YouBike2.0_大龍峒社會住宅,20,4,大同區,2023-05-27 16:05:15,16,1
184,YouBike2.0_捷運大橋頭站(1A出口),18,0,大同區,2023-05-27 16:03:04,16,1
185,YouBike2.0_捷運民權西路站(2號出口),25,1,大同區,2023-05-27 16:11:18,24,1
187,YouBike2.0_捷運北門站(3號出口),62,0,大同區,2023-05-27 16:11:06,62,1
188,YouBike2.0_朝陽公園,10,2,大同區,2023-05-27 16:11:18,8,1
190,YouBike2.0_大龍公園,18,1,大同區,2023-05-27 16:11:18,17,1
192,YouBike2.0_圓山線形公園,14,2,大同區,2023-05-27 16:09:14,12,1
193,YouBike2.0_圓環站,28,0,大同區,2023-05-27 16:10:22,28,1
194,YouBike2.0_重慶民族路口,20,3,大同區,2023-05-27 16:09:14,16,1
195,YouBike2.0_承德路三段8巷口,16,0,大同區,2023-05-27 15:43:04,16,1
198,YouBike2.0_聯合醫院中興院區,27,2,大同區,2023-05-27 16:10:22,25,1
202,YouBike2.0_重慶保安街口(家樂福重慶店),20,0,大同區,2023-05-27 16:06:04,20,1
205,YouBike2.0_民權國中(民權西路),17,3,大同區,2023-05-27 16:08:20,14,1
206,YouBike2.0_承德民權路口,17,5,大同區,2023-05-27 16:05:15,12,1
208,YouBike2.0_承德民生西路口,11,3,大同區,2023-05-27 15:56:16,8,1
209,YouBike2.0_太原五原路口,24,5,大同區,2023-05-27 16:10:22,19,1
210,YouBike2.0_臺北轉運站(華陰街),20,2,大同區,2023-05-27 16:10:22,18,1
211,YouBike2.0_捷運民權西路站(3號出口),50,3,大同區,2023-05-27 16:10:22,47,1
212,YouBike2.0_捷運中山站(5號出口),11,5,大同區,2023-05-27 16:11:18,6,1
213,YouBike2.0_重慶長安路口,15,0,大同區,2023-05-27 16:07:04,15,1
214,YouBike2.0_承德昌吉街口,18,4,大同區,2023-05-27 16:07:14,14,1
216,YouBike2.0_捷運圓山站(2號出口),37,5,大同區,2023-05-27 16:07:14,31,1
220,YouBike2.0_雙蓮國小,20,2,大同區,2023-05-27 15:41:16,18,1
221,YouBike2.0_寧夏涼州街口,15,2,大同區,2023-05-27 15:59:14,12,1
223,YouBike2.0_劍潭抽水站,17,5,士林區,2023-05-27 15:55:23,11,1
224,YouBike2.0_通河東街大南路口,15,3,士林區,2023-05-27 15:57:14,11,1
226,YouBike2.0_百齡國小,50,2,士林區,2023-05-27 16:08:20,48,1
227,YouBike2.0_雨聲街165巷口,15,1,士林區,2023-05-27 13:38:03,14,1
228,YouBike2.0_天和公園,13,5,士林區,2023-05-27 15:38:14,5,1
229,YouBike2.0_中山天母路口,29,3,士林區,2023-05-27 16:10:22,26,1
231,YouBike2.0_臺北市立大學(天母校區),23,5,士林區,2023-05-27 15:56:16,18,1
234,YouBike2.0_天母北天玉街口,15,2,士林區,2023-05-27 15:41:16,13,1
236,YouBike2.0_明勝公園,14,4,士林區,2023-05-27 16:03:15,10,1
238,YouBike2.0_忠誠路一段173巷口,11,0,士林區,2023-05-27 15:56:04,11,1
239,YouBike2.0_雨農國小,35,1,士林區,2023-05-27 16:03:04,32,1
240,YouBike2.0_忠誠公園,14,1,士林區,2023-05-27 16:11:18,11,1
241,YouBike2.0_芝山抽水站,21,0,士林區,2023-05-27 15:56:04,21,1
242,YouBike2.0_至誠路一段305巷口,21,3,士林區,2023-05-27 15:57:14,18,1
243,YouBike2.0_華齡公園,25,3,士林區,2023-05-27 15:59:14,21,1
244,YouBike2.0_前港公園(福德宮),18,5,士林區,2023-05-27 16:09:14,13,1
245,YouBike2.0_華齡街185巷口,12,0,士林區,2023-05-27 15:56:04,11,1
246,YouBike2.0_前港公園(前港街),19,0,士林區,2023-05-27 16:07:04,19,1
249,YouBike2.0_臺灣戲曲中心,14,2,士林區,2023-05-27 16:01:56,11,1
252,YouBike2.0_志成公園,23,2,士林區,2023-05-27 15:58:04,21,1
253,YouBike2.0_福林國小,14,0,士林區,2023-05-27 16:11:18,13,1
255,YouBike2.0_士林運動中心,30,4,士林區,2023-05-27 16:11:18,26,1
259,YouBike2.0_華聲公園,27,0,士林區,2023-02-03 10:09:04,27,0
262,YouBike2.0_銘傳大學,30,0,士林區,2023-05-17 23:56:05,29,0
265,YouBike2.0_聯合醫院陽明院區,15,0,士林區,2023-05-27 15:54:04,14,1
269,YouBike2.0_通河東街2段10巷口,15,3,士林區,2023-05-27 16:01:04,12,1
270,YouBike2.0_梅林新村,15,1,士林區,2023-05-27 16:10:22,14,1
272,YouBike2.0_重慶北路四段190巷口,13,1,士林區,2023-05-27 14:47:14,12,1
273,YouBike2.0_重慶北葫東街口,15,0,士林區,2023-05-27 15:05:05,15,1
274,YouBike2.0_葫蘆國小,20,3,士林區,2023-05-27 16:10:22,17,1
276,YouBike2.0_社正公園,15,3,士林區,2023-05-27 15:54:15,12,1
279,YouBike2.0_忠誠路一段138號,15,5,士林區,2023-05-27 16:05:15,9,1
280,YouBike2.0_社子公園,14,1,士林區,2023-05-27 16:10:11,13,1
281,YouBike2.0_國立故宮博物院,17,1,士林區,2023-05-27 16:09:14,15,1
282,YouBike2.0_泰北高中,16,0,士林區,2023-05-27 15:38:04,16,1
283,YouBike2.0_後港公園,15,2,士林區,2023-05-27 15:27:14,13,1
286,YouBike2.0_延平北路八段133巷口,15,2,士林區,2023-05-27 14:53:16,13,1
289,YouBike2.0_福安國中,11,4,士林區,2023-05-27 16:07:14,7,1
292,YouBike2.0_芝山國小,30,4,士林區,2023-05-27 16:06:15,25,1
294,YouBike2.0_蘭雅國小,27,1,士林區,2023-05-27 16:10:22,25,1
296,YouBike2.0_福林公園(中正路),27,2,士林區,2023-05-27 16:01:15,24,1
303,YouBike2.0_芝山聖佑宮,15,3,士林區,2023-05-27 15:47:14,10,1
304,YouBike2.0_至誠雨聲街口,9,0,士林區,2023-05-27 15:42:04,8,1
305,YouBike2.0_捷運線型公園(後街),13,1,士林區,2023-05-27 16:04:14,12,1
308,YouBike2.0_文林福華路口,19,1,士林區,2023-05-27 15:59:14,17,1
309,YouBike2.0_劍潭海外青年活動中心_1,24,3,士林區,2023-05-27 16:11:18,21,1
314,YouBike2.0_葫蘆國小(延平北路五段285巷),15,0,士林區,2023-05-27 15:37:04,15,1
315,YouBike2.0_社子市場,15,3,士林區,2023-05-27 14:59:19,12,1
316,YouBike2.0_士林區農會社子分部,8,5,士林區,2023-05-27 15:50:20,3,1
318,YouBike2.0_文林路101巷口,7,4,士林區,2023-05-27 15:49:15,3,1
319,YouBike2.0_延平北路五段257巷15弄口,13,3,士林區,2023-05-27 15:32:13,10,1
322,YouBike2.0_中山福國路口,14,4,士林區,2023-05-27 15:55:23,8,1
329,YouBike2.0_海光公園南側,12,4,士林區,2023-05-27 15:57:14,8,1
330,YouBike2.0_士商路40巷口,15,1,士林區,2023-05-27 16:01:56,14,1
333,YouBike2.0_美崙公園,13,3,士林區,2023-05-27 16:08:20,10,1
334,YouBike2.0_臺北市立大學(忠誠路二段207巷),17,3,士林區,2023-05-27 16:11:18,14,1
336,YouBike2.0_美崙公園(東北側),15,0,士林區,2023-05-27 16:03:04,15,1
337,YouBike2.0_台北花木批發市場,32,1,文山區,2023-05-27 15:42:14,30,1
338,YouBike2.0_捷運萬隆站(4號出口),21,1,文山區,2023-05-27 16:10:11,20,1
339,YouBike2.0_捷運萬隆站(1號出口),34,3,文山區,2023-05-27 16:09:14,31,1
340,YouBike2.0_萬和二號公園,26,3,文山區,2023-05-27 16:10:11,23,1
341,YouBike2.0_捷運萬隆站(2號出口),12,3,文山區,2023-05-27 16:10:22,8,1
347,YouBike2.0_興福國中,25,0,文山區,2023-05-27 16:11:18,24,1
349,YouBike2.0_景美運動公園,11,4,文山區,2023-05-27 16:10:22,6,1
350,YouBike2.0_景美醫院,18,2,文山區,2023-05-27 16:08:20,16,1
354,YouBike2.0_國立政治大學,35,2,文山區,2023-05-27 16:05:15,33,1
355,YouBike2.0_捷運動物園站,18,0,文山區,2023-05-27 16:10:22,17,1
360,YouBike2.0_興豐公園,21,3,文山區,2023-05-27 16:08:20,17,1
362,YouBike2.0_考試院,22,0,文山區,2023-05-27 16:08:04,20,1
363,YouBike2.0_和興路26巷口,15,3,文山區,2023-05-27 15:52:14,11,1
366,YouBike2.0_臺北市立景美女中,25,0,文山區,2023-05-27 16:01:04,24,1
367,YouBike2.0_永安藝文館-表演36房,15,1,文山區,2023-05-27 15:46:15,14,1
368,YouBike2.0_忠順區民活動中心,15,4,文山區,2023-05-27 16:09:14,11,1
370,YouBike2.0_老泉街籃球場,14,0,文山區,2023-05-27 14:41:04,14,1
372,YouBike2.0_木柵公園,25,5,文山區,2023-05-27 16:08:20,20,1
373,YouBike2.0_興隆公共住宅D2區,19,4,文山區,2023-05-27 15:31:15,15,1
374,YouBike2.0_木新路3段95巷口,16,2,文山區,2023-05-27 15:57:14,12,1
377,YouBike2.0_指南路3段2巷,13,0,文山區,2023-05-27 15:41:04,13,1
378,YouBike2.0_萊茵公園,14,3,文山區,2023-05-27 15:49:15,11,1
379,YouBike2.0_木柵社會住宅,12,5,文山區,2023-05-27 15:58:14,7,1
380,YouBike2.0_秀明路一段185巷口,20,0,文山區,2023-05-27 15:03:04,20,1
381,YouBike2.0_秀明路一段129巷口,22,2,文山區,2023-05-27 15:57:14,20,1
382,YouBike2.0_恆光橋(老泉街),13,5,文山區,2023-05-27 15:57:14,8,1
383,YouBike2.0_萬有3號公園,14,2,文山區,2023-05-27 16:11:18,12,1
384,YouBike2.0_捷運萬芳醫院站(興隆路三段115巷),20,5,文山區,2023-05-27 16:11:18,15,1
385,YouBike2.0_興得閱覽室,24,0,文山區,2023-05-27 15:29:04,21,1
386,YouBike2.0_辛亥生態公園,18,3,文山區,2023-05-27 15:50:20,15,1
387,YouBike2.0_博嘉運動公園,12,0,文山區,2023-05-27 16:08:04,12,1
390,YouBike2.0_政大一街口,14,0,文山區,2023-05-27 12:44:04,13,1
392,YouBike2.0_移民署訓練中心,13,4,文山區,2023-05-27 15:49:15,9,1
393,YouBike2.0_海巡署(南側),10,1,文山區,2023-05-27 15:47:14,9,1
394,YouBike2.0_明道國小東南側,18,2,文山區,2023-05-27 15:48:15,16,1
395,YouBike2.0_木南公園,12,5,文山區,2023-05-27 15:45:16,7,1
396,YouBike2.0_實踐國中(木新路三段310巷口),17,4,文山區,2023-05-27 16:01:15,10,1
397,YouBike2.0_師範大學公館校區_1,25,3,文山區,2023-05-27 16:09:14,22,1
398,YouBike2.0_捷運動物園站(2號出口),39,0,文山區,2023-05-27 16:11:06,38,1
399,YouBike2.0_政大水岸電梯,10,4,文山區,2023-05-27 16:07:14,6,1
400,YouBike2.0_敦南山林,14,3,文山區,2023-05-27 15:44:14,11,1
401,YouBike2.0_辛亥路五段73巷口,13,1,文山區,2023-05-27 15:23:14,12,1
402,YouBike2.0_景美污水抽水站,15,3,文山區,2023-05-27 16:10:22,12,1
404,YouBike2.0_景興國中,10,4,文山區,2023-05-27 16:01:15,6,1
405,YouBike2.0_景仁公園_1,15,3,文山區,2023-05-27 16:05:15,11,1
406,YouBike2.0_師大公館校區學二舍,40,0,文山區,2023-05-27 16:09:04,38,1
407,YouBike2.0_景行公園,15,5,文山區,2023-05-27 16:09:14,9,1
408,YouBike2.0_萬興國小,16,3,文山區,2023-05-27 16:08:20,13,1
409,YouBike2.0_辛亥路四段77巷口,14,0,文山區,2023-05-27 14:19:04,14,1
410,YouBike2.0_景興路42巷口,12,2,文山區,2023-05-27 16:01:15,10,1
412,YouBike2.0_木柵路二段109巷,15,1,文山區,2023-05-27 15:59:04,14,1
413,YouBike2.0_試院公園,15,5,文山區,2023-05-27 16:10:22,10,1
414,YouBike2.0_萬美萬安街口,16,0,文山區,2023-05-27 13:11:04,16,1
415,YouBike2.0_興隆路二段203巷(敦南),27,3,文山區,2023-05-27 14:45:16,23,1
416,YouBike2.0_新光秀明路口,15,0,文山區,2023-05-27 16:01:04,15,1
417,YouBike2.0_臺北自來水事業處,20,5,中正區,2023-05-27 15:46:15,15,1
418,YouBike2.0_汀州思源街口東南側,20,5,中正區,2023-05-27 16:09:14,14,1
423,YouBike2.0_捷運臺電大樓站(1號出口),34,2,中正區,2023-05-27 16:11:18,29,1
424,YouBike2.0_客家文化主題公園,15,1,中正區,2023-05-27 16:08:04,14,1
425,YouBike2.0_河堤國小,27,1,中正區,2023-05-27 16:07:14,26,1
427,YouBike2.0_捷運臺電大樓站(5號出口),14,1,中正區,2023-05-27 16:10:11,13,1
428,YouBike2.0_捷運臺電大樓站(4號出口),13,0,中正區,2023-05-27 16:10:11,13,1
429,YouBike2.0_羅斯福三段金門街口,15,0,中正區,2023-05-27 15:59:04,14,1
431,YouBike2.0_捷運古亭站(8號出口),15,4,中正區,2023-05-27 16:11:18,10,1
432,YouBike2.0_捷運古亭站(7號出口),12,0,中正區,2023-05-27 15:49:04,11,1
441,YouBike2.0_螢橋國小,32,5,中正區,2023-05-27 16:10:22,27,1
442,YouBike2.0_古亭智慧圖書館,14,5,中正區,2023-05-27 16:01:15,9,1
443,YouBike2.0_永昌公園,15,2,中正區,2023-05-27 16:09:14,7,1
444,YouBike2.0_中華路二段409巷口,15,3,中正區,2023-05-27 15:41:16,12,1
446,YouBike2.0_南海和平路口西南側,19,4,中正區,2023-05-27 16:06:16,15,1
448,YouBike2.0_水源路11-1號旁,19,3,中正區,2023-05-27 16:01:56,16,1
449,YouBike2.0_南門國中,29,5,中正區,2023-05-27 16:11:18,22,1
450,YouBike2.0_捷運小南門站(2號出口),18,3,中正區,2023-05-27 15:50:20,14,1
452,YouBike2.0_中華貴陽街口,20,3,中正區,2023-05-27 15:36:15,17,1
456,YouBike2.0_林森仁愛路口,13,2,中正區,2023-05-27 16:01:15,8,1
461,YouBike2.0_延平南路133巷口,17,0,中正區,2023-05-27 15:55:11,17,1
471,YouBike2.0_中華路一段21巷口,22,4,中正區,2023-05-27 16:09:14,18,1
474,YouBike2.0_師大水源路口,21,4,中正區,2023-05-27 15:54:15,17,1
478,YouBike2.0_莒光大埔街口,32,0,中正區,2023-05-27 16:11:18,31,1
479,YouBike2.0_捷運忠孝新生站(2號出口),32,0,中正區,2023-05-27 16:10:11,31,1
482,YouBike2.0_捷運中正紀念堂站(5號出口),29,2,中正區,2023-05-27 15:55:23,27,1
483,YouBike2.0_北平東杭州北路口,20,3,中正區,2023-05-27 16:11:18,17,1
484,YouBike2.0_王貫英先生紀念圖書館,15,3,中正區,2023-05-27 16:08:20,12,1
485,YouBike2.0_金山信義路口,25,2,中正區,2023-05-27 16:10:22,22,1
488,YouBike2.0_捷運中正紀念堂站(6號出口),17,3,中正區,2023-05-27 16:11:18,13,1
489,YouBike2.0_捷運臺北車站(M2出口),20,1,中正區,2023-05-27 16:09:14,19,1
490,YouBike2.0_臺北市國父史蹟館(逸仙公園),31,1,中正區,2023-05-27 16:11:18,30,1
492,YouBike2.0_弘道國中,18,0,中正區,2023-05-27 16:08:04,17,1
494,YouBike2.0_台北市替代役中心,15,0,中正區,2023-05-27 16:01:04,15,1
495,YouBike2.0_紹興徐州路口,18,1,中正區,2023-05-27 16:11:06,17,1
496,YouBike2.0_羅斯福寧波東街口,20,0,中正區,2023-05-27 16:05:05,20,1
500,YouBike2.0_仁愛金山路口,9,0,中正區,2023-05-27 14:40:12,9,1
501,YouBike2.0_杭州南路一段101巷口,14,5,中正區,2023-05-27 16:07:14,9,1
502,YouBike2.0_仁愛杭州路口,15,5,中正區,2023-05-27 16:11:18,8,1
503,YouBike2.0_龍興里活動中心,21,5,中正區,2023-05-27 16:11:18,16,1
506,YouBike2.0_林森北平路口,20,0,中正區,2023-05-27 15:52:04,19,1
508,YouBike2.0_天津北平路口,15,4,中正區,2023-05-27 16:04:14,11,1
509,YouBike2.0_捷運忠孝新生站(1號出口),19,1,中正區,2023-05-27 16:10:22,18,1
510,YouBike2.0_捷運忠孝新生站(5號出口),13,1,中正區,2023-05-27 16:03:04,12,1
511,YouBike2.0_捷運臺大醫院站(1號出口),19,5,中正區,2023-05-27 16:09:14,13,1
513,YouBike2.0_林森濟南路口(東北側),15,5,中正區,2023-05-27 16:05:15,9,1
514,YouBike2.0_仁愛紹興街口(南側),17,2,中正區,2023-05-27 15:50:21,15,1
517,YouBike2.0_捷運善導寺站(3號出口)(忠孝東路側),17,1,中正區,2023-05-27 16:11:18,15,1
521,YouBike2.0_仁愛金山路口(東南側),14,1,中正區,2023-05-27 16:11:06,13,1
522,YouBike2.0_臺灣文學基地,15,0,中正區,2023-05-27 14:50:11,15,1
523,YouBike2.0_重慶南詔安街口,15,4,中正區,2023-05-27 15:52:14,11,1
525,YouBike2.0_捷運中正紀念堂站(2號出口),12,4,中正區,2023-05-27 16:10:22,8,1
526,YouBike2.0_螢圃里小公園,19,0,中正區,2023-05-27 16:03:04,18,1
527,YouBike2.0_螢橋公園,15,0,中正區,2023-05-27 16:06:04,13,1
530,YouBike2.0_樂群二堤頂大道口,20,0,中山區,2023-05-27 15:41:04,19,1
531,YouBike2.0_劍潭社區,13,5,中山區,2023-05-27 15:10:22,8,1
533,YouBike2.0_樂群二明水路口,20,1,中山區,2023-05-27 15:57:14,19,1
536,YouBike2.0_樂群二敬業三路口,20,1,中山區,2023-05-27 16:11:18,19,1
537,YouBike2.0_樂群二敬業四路口,36,4,中山區,2023-05-27 16:09:14,32,1
539,YouBike2.0_復興市民路口,45,2,中山區,2023-05-27 16:05:15,43,1
545,YouBike2.0_一江公園,22,2,中山區,2023-05-27 16:03:15,20,1
547,YouBike2.0_新生長春路口,20,0,中山區,2023-05-27 15:40:11,19,1
548,YouBike2.0_第二果菜批發市場,28,5,中山區,2023-05-27 16:09:14,22,1
549,YouBike2.0_民生建國路口,26,1,中山區,2023-05-27 16:08:20,25,1
556,YouBike2.0_朱崙商場,31,1,中山區,2023-05-27 16:05:15,29,1
557,YouBike2.0_中吉公園,15,0,中山區,2023-05-27 15:40:11,15,1
558,YouBike2.0_華山公園,19,5,中山區,2023-05-27 16:09:14,13,1
560,YouBike2.0_江寧公園,15,0,中山區,2023-05-27 16:01:04,14,1
562,YouBike2.0_捷運中山國小站(2號出口),59,1,中山區,2023-05-27 16:04:14,57,1
564,YouBike2.0_林森農安街口,17,2,中山區,2023-05-27 16:03:15,15,1
565,YouBike2.0_捷運中山國小站(4號出口),20,1,中山區,2023-05-27 16:10:22,19,1
566,YouBike2.0_農安雙城街口,15,1,中山區,2023-05-27 16:08:20,14,1
567,YouBike2.0_新生德惠街口,15,0,中山區,2023-05-27 15:55:11,15,1
568,YouBike2.0_民族林森路口,20,2,中山區,2023-05-27 16:04:14,16,1
570,YouBike2.0_中山民族路口,16,0,中山區,2023-05-27 15:23:04,16,1
571,YouBike2.0_新生高架停車場(林森北路107巷口),14,4,中山區,2023-05-27 16:08:20,9,1
572,YouBike2.0_南京林森路口(東南側),10,3,中山區,2023-05-27 16:05:15,6,1
573,YouBike2.0_仁德公園,18,0,中山區,2023-04-17 00:35:05,18,0
574,YouBike2.0_中原公園,15,2,中山區,2023-05-27 15:21:16,13,1
575,YouBike2.0_下埤公園,24,4,中山區,2023-05-27 16:01:16,20,1
576,YouBike2.0_五常國中,16,4,中山區,2023-05-27 16:10:22,11,1
577,YouBike2.0_榮星花園,38,2,中山區,2023-05-27 16:10:22,34,1
579,YouBike2.0_松江路431巷口,15,4,中山區,2023-05-27 15:45:16,11,1
580,YouBike2.0_新喜公園,13,1,中山區,2023-05-27 16:07:04,11,1
581,YouBike2.0_吉林路407巷口,15,4,中山區,2023-05-27 16:04:14,10,1
583,YouBike2.0_林安泰古厝,22,0,中山區,2023-05-27 16:10:11,22,1
584,YouBike2.0_中山公民會館,20,2,中山區,2023-05-27 16:10:22,16,1
585,YouBike2.0_渭水八德路口,23,4,中山區,2023-05-27 16:01:56,17,1
587,YouBike2.0_撫順公園,20,0,中山區,2023-05-27 15:30:32,19,1
588,YouBike2.0_新生公園,16,1,中山區,2023-05-27 16:10:11,15,1
591,YouBike2.0_建國農安街口,35,1,中山區,2023-05-27 16:09:14,32,1
592,YouBike2.0_松江路77巷口,10,1,中山區,2023-05-27 15:56:04,9,1
594,YouBike2.0_市民新生路口,15,3,中山區,2023-05-27 16:10:22,12,1
595,YouBike2.0_民權吉林路口,15,1,中山區,2023-05-27 16:09:04,13,1
596,YouBike2.0_中山農安街口,17,2,中山區,2023-05-27 16:07:14,14,1
597,YouBike2.0_捷運行政大樓,14,1,中山區,2023-05-27 16:07:04,13,1
598,YouBike2.0_中吉公園(松江路188巷),22,0,中山區,2023-05-27 16:09:04,22,1
599,YouBike2.0_吉林路123巷口,13,5,中山區,2023-05-27 15:57:14,8,1
600,YouBike2.0_中原民生路口,15,5,中山區,2023-05-27 15:57:14,10,1
601,YouBike2.0_國立臺北大學(臺北校區),38,0,中山區,2023-05-27 16:09:04,37,1
602,YouBike2.0_錦州吉林路口,20,3,中山區,2023-05-27 16:06:16,17,1
604,YouBike2.0_永盛公園(民生東路一段23巷),24,5,中山區,2023-05-27 16:06:16,19,1
605,YouBike2.0_新生錦州街口,20,4,中山區,2023-05-27 15:54:15,16,1
606,YouBike2.0_濱江街199巷口,15,2,中山區,2023-05-27 16:11:18,13,1
607,YouBike2.0_大佳社區公園,15,2,中山區,2023-05-27 15:43:15,13,1
608,YouBike2.0_濱江果菜市場,22,4,中山區,2023-05-27 16:06:16,16,1
609,YouBike2.0_興安合江路口,19,3,中山區,2023-05-27 16:11:18,16,1
610,YouBike2.0_復興北路514巷口東側,10,3,中山區,2023-05-27 16:10:22,6,1
611,YouBike2.0_台泥大樓,18,0,中山區,2023-05-27 15:54:04,16,1
613,YouBike2.0_新興公園,20,1,中山區,2023-05-27 16:11:06,19,1
614,YouBike2.0_南京伊通街口,11,4,中山區,2023-05-27 16:09:14,7,1
615,YouBike2.0_南京龍江路口,15,1,中山區,2023-05-27 16:07:04,14,1
616,YouBike2.0_撫順街41巷(崇德宮前),19,4,中山區,2023-05-27 16:11:18,14,1
617,YouBike2.0_臺北市立圖書館大直分館,20,4,中山區,2023-05-27 15:53:15,16,1
618,YouBike2.0_捷運大直站(1號出口),27,5,中山區,2023-05-27 16:11:18,21,1
620,YouBike2.0_中429公園,15,0,中山區,2023-05-27 14:46:04,15,1
621,YouBike2.0_長春路137巷口,16,0,中山區,2023-05-27 15:09:04,16,1
622,YouBike2.0_松江民生路口,17,1,中山區,2023-05-27 16:05:05,15,1
623,YouBike2.0_松江路132巷口,14,5,中山區,2023-05-27 16:09:14,9,1
624,YouBike2.0_長春吉林路口,10,1,中山區,2023-05-27 15:33:15,9,1
625,YouBike2.0_長春一江街口,11,0,中山區,2023-05-27 15:39:04,11,1
627,YouBike2.0_南京一江街口,10,4,中山區,2023-05-27 16:09:14,6,1
628,YouBike2.0_松江長春路口,16,0,中山區,2023-05-27 16:07:04,16,1
631,YouBike2.0_新生農安街口,15,0,中山區,2023-05-27 16:08:04,15,1
632,YouBike2.0_稻江高級護理家事職業學校,14,0,中山區,2023-05-27 15:28:04,13,1
633,YouBike2.0_捷運大直站(3號出口)_1,18,5,中山區,2023-05-27 15:40:22,13,1
634,YouBike2.0_樂群二明水路口_1,20,0,中山區,2023-05-27 15:58:04,20,1
635,YouBike2.0_民權吉林路口(南側),16,0,中山區,2023-05-27 16:01:04,16,1
637,YouBike2.0_民權新生路口,26,0,中山區,2023-05-27 14:29:04,26,1
638,YouBike2.0_建國長春路口(北側),20,5,中山區,2023-05-27 16:11:18,13,1
640,YouBike2.0_臺北市立美術館_1,18,5,中山區,2023-05-27 16:08:20,13,1
642,YouBike2.0_濱江國小游泳池,16,2,中山區,2023-05-27 15:55:23,14,1
644,YouBike2.0_中428公園,15,1,中山區,2023-05-27 15:40:22,14,1
645,YouBike2.0_復華公園,20,0,中山區,2023-05-27 15:29:04,20,1
646,YouBike2.0_新生民族路口(西南側),15,0,中山區,2023-05-27 16:08:04,15,1
648,YouBike2.0_八德市場(北側),16,5,中山區,2023-05-27 15:58:15,10,1
649,YouBike2.0_龍江朱崙街口,14,4,中山區,2023-05-27 15:42:14,10,1
650,YouBike2.0_大直街94巷,15,0,中山區,2023-05-27 16:07:04,14,1
651,YouBike2.0_捷運南京復興站(8號出口),25,5,中山區,2023-05-27 16:08:20,20,1
652,YouBike2.0_民權建國路口(南側),15,3,中山區,2023-05-27 16:11:18,11,1
653,YouBike2.0_林森德惠街口,16,4,中山區,2023-05-27 16:09:14,11,1
654,YouBike2.0_新生濱江街口(東南側),21,1,中山區,2023-05-27 16:11:06,20,1
655,YouBike2.0_新生北路一段62巷口,20,3,中山區,2023-05-27 15:17:32,17,1
656,YouBike2.0_新生長春路口(東北側),19,0,中山區,2023-05-27 16:06:04,18,1
658,YouBike2.0_敬業三樂群三路口(西北側),16,5,中山區,2023-05-27 16:11:18,11,1
659,YouBike2.0_長春路258巷2弄口,15,2,中山區,2023-05-27 16:11:18,13,1
660,YouBike2.0_長寧大廈社區(南側),15,0,中山區,2023-05-27 16:11:06,15,1
661,YouBike2.0_建國五常街口,20,1,中山區,2023-05-27 16:10:11,19,1
662,YouBike2.0_中山北路二段62巷口,12,0,中山區,2023-05-27 15:30:32,12,1
663,YouBike2.0_市民安東街口,20,2,中山區,2023-05-27 15:26:16,18,1
664,YouBike2.0_市民大道二段5巷口,15,1,中山區,2023-05-27 15:27:14,14,1
666,YouBike2.0_北勢湖環保公園,15,4,內湖區,2023-05-27 13:31:15,11,1
668,YouBike2.0_西康公園,16,3,內湖區,2023-05-27 16:09:14,13,1
669,YouBike2.0_文湖國小,31,4,內湖區,2023-05-27 16:07:14,27,1
670,YouBike2.0_文湖街81巷10號西側,14,1,內湖區,2023-05-27 16:10:11,11,1
671,YouBike2.0_德明財經科技大學,27,0,內湖區,2023-05-27 15:59:04,27,1
672,YouBike2.0_麗山國小,15,1,內湖區,2023-05-27 16:11:18,14,1
674,YouBike2.0_港華五號公園,16,0,內湖區,2023-05-27 15:42:04,16,1
675,YouBike2.0_大湖國小,25,0,內湖區,2023-05-27 15:57:04,23,1
676,YouBike2.0_安湖三號公園,12,0,內湖區,2023-05-27 15:49:04,12,1
677,YouBike2.0_東湖路113巷95弄,10,0,內湖區,2023-05-27 10:23:04,9,1
679,YouBike2.0_文德三號公園(江南街71巷16弄),15,3,內湖區,2023-05-27 16:01:56,12,1
681,YouBike2.0_康寧星雲街口,12,0,內湖區,2023-05-27 15:51:04,12,1
682,YouBike2.0_星雲街47號,15,2,內湖區,2023-05-27 16:05:05,13,1
684,YouBike2.0_捷運西湖站(2號出口),12,0,內湖區,2023-05-27 15:35:05,12,1
687,YouBike2.0_環山路二段26巷口,29,1,內湖區,2023-05-27 16:05:16,28,1
689,YouBike2.0_碧山公園,31,0,內湖區,2023-05-27 16:07:04,31,1
692,YouBike2.0_陽光公園,16,4,內湖區,2023-05-27 15:01:17,12,1
693,YouBike2.0_文德二號公園(南側),13,1,內湖區,2023-05-27 15:59:04,12,1
694,YouBike2.0_文德二號公園(北側),15,4,內湖區,2023-05-27 16:09:14,10,1
695,YouBike2.0_瑞陽公園,12,2,內湖區,2023-05-27 16:09:04,10,1
697,YouBike2.0_潭美街213號,12,2,內湖區,2023-05-27 16:01:16,10,1
699,YouBike2.0_潭美國小(南京舊宗路口),16,1,內湖區,2023-05-27 16:10:22,15,1
700,YouBike2.0_新明路343號,10,1,內湖區,2023-05-27 15:23:04,9,1
701,YouBike2.0_週美里活動廣場,17,0,內湖區,2023-05-27 16:08:04,17,1
702,YouBike2.0_內湖行政中心,25,2,內湖區,2023-05-27 15:41:16,23,1
703,YouBike2.0_樂康公園,20,4,內湖區,2023-05-27 15:33:15,16,1
704,YouBike2.0_安康路32巷24弄,21,5,內湖區,2023-05-27 15:29:14,16,1
705,YouBike2.0_明美公園,18,1,內湖區,2023-05-27 15:59:14,17,1
709,YouBike2.0_瑞光公共住宅(瑞光路),18,1,內湖區,2023-05-27 16:11:18,17,1
710,YouBike2.0_民權東路六段15巷,17,0,內湖區,2023-05-27 15:55:11,17,1
711,YouBike2.0_扶輪親恩公園,17,1,內湖區,2023-05-27 14:44:04,15,1
715,YouBike2.0_三軍總醫院,14,1,內湖區,2023-05-27 16:02:14,13,1
720,YouBike2.0_金湖路347巷125弄口,15,0,內湖區,2023-05-27 13:41:04,15,1
722,YouBike2.0_碧湖公園(內湖路二段103巷),19,5,內湖區,2023-05-27 16:08:20,14,1
723,YouBike2.0_貿七社區,17,0,內湖區,2023-05-27 15:43:04,17,1
724,YouBike2.0_內湖區農會,12,5,內湖區,2023-05-27 16:06:16,7,1
725,YouBike2.0_捷運內湖站(2號出口),10,3,內湖區,2023-05-27 16:09:14,6,1
726,YouBike2.0_康寧金湖路口,14,1,內湖區,2023-05-27 15:28:04,13,1
727,YouBike2.0_康寧路一段156巷20弄口,17,0,內湖區,2023-05-27 16:07:04,17,1
729,YouBike2.0_安泰街83巷,20,0,內湖區,2023-05-27 16:10:11,20,1
730,YouBike2.0_內溝溪生態展示館,8,3,內湖區,2023-05-27 13:54:15,5,1
732,YouBike2.0_東湖國中,16,4,內湖區,2023-05-27 16:01:56,12,1
733,YouBike2.0_石潭公園(安康路),20,5,內湖區,2023-05-27 14:16:16,15,1
735,YouBike2.0_康寧公園(北側),20,5,內湖區,2023-05-27 16:09:14,15,1
736,YouBike2.0_康寧路三段54巷口,15,4,內湖區,2023-05-27 16:06:16,11,1
737,YouBike2.0_行善路25巷口,21,3,內湖區,2023-05-27 16:05:16,18,1
738,YouBike2.0_新明路460巷口,15,5,內湖區,2023-05-27 16:10:22,10,1
739,YouBike2.0_下灣公園,16,1,內湖區,2023-05-27 15:08:14,15,1
744,YouBike2.0_瑞湖陽光街口,25,1,內湖區,2023-05-27 16:06:16,23,1
746,YouBike2.0_星雲街138巷1弄口,15,2,內湖區,2023-05-27 16:09:14,12,1
747,YouBike2.0_東湖一號公園,10,1,內湖區,2023-05-27 15:29:04,9,1
748,YouBike2.0_東湖二號公園,15,1,內湖區,2023-05-27 15:59:04,13,1
749,YouBike2.0_康湖二號公園(康寧醫院),16,4,內湖區,2023-05-27 15:51:15,10,1
750,YouBike2.0_堤頂大道新湖一路口,13,0,內湖區,2023-05-27 12:07:04,12,1
752,YouBike2.0_舊宗行善路口,9,3,內湖區,2023-05-27 15:54:15,6,1
755,YouBike2.0_金湖星雲街口,30,0,內湖區,2023-05-27 13:17:22,30,1
756,YouBike2.0_國防醫學院,15,0,內湖區,2023-05-27 15:42:04,15,1
757,YouBike2.0_民權東路六段190巷117弄口,15,3,內湖區,2023-05-27 13:47:14,12,1
759,YouBike2.0_九華公園,16,3,內湖區,2023-05-27 16:09:14,13,1
760,YouBike2.0_內湖路二段179巷口,16,2,內湖區,2023-05-27 15:09:15,13,1
761,YouBike2.0_行善行愛路口,12,0,內湖區,2023-05-27 15:47:04,12,1
764,YouBike2.0_陽光街161巷口,16,3,內湖區,2023-05-27 15:28:14,12,1
765,YouBike2.0_潭美公園(南京東路六段368巷),18,0,內湖區,2023-05-27 15:03:04,17,1
767,YouBike2.0_三民國中(民權東路六段47巷),13,3,內湖區,2023-05-27 15:37:14,10,1
768,YouBike2.0_瑞光路76巷口,12,1,內湖區,2023-05-27 08:01:04,11,1
770,YouBike2.0_新湖國小,12,4,內湖區,2023-05-27 15:24:14,8,1
771,YouBike2.0_碧山內湖路口,16,2,內湖區,2023-05-27 16:11:18,14,1
772,YouBike2.0_民權東路六段413巷,16,3,內湖區,2023-05-27 15:10:22,13,1
776,YouBike2.0_內湖路一段360巷,15,4,內湖區,2023-05-27 15:53:15,11,1
777,YouBike2.0_成功路三段83號前,11,0,內湖區,2023-05-27 13:59:05,11,1
778,YouBike2.0_內湖路一段47巷,16,1,內湖區,2023-05-27 15:47:04,15,1
779,YouBike2.0_陽光舊宗路口,20,2,內湖區,2023-05-27 15:50:21,18,1
780,YouBike2.0_安湖公園,8,0,內湖區,2023-05-27 09:32:04,8,1
782,YouBike2.0_安泰街(康樂橋下),15,4,內湖區,2023-05-27 15:54:15,11,1
783,YouBike2.0_康樂綠地,15,1,內湖區,2023-05-27 16:01:16,14,1
784,YouBike2.0_捷運港墘站(1號出口),23,5,內湖區,2023-05-27 16:09:14,18,1
785,YouBike2.0_明美公園(行善路333巷),16,1,內湖區,2023-05-27 15:08:14,15,1
786,YouBike2.0_行善路383巷,17,3,內湖區,2023-05-27 15:50:21,13,1
789,YouBike2.0_內湖路三段326巷口,15,2,內湖區,2023-05-27 15:42:14,13,1
790,YouBike2.0_成功公園,11,3,內湖區,2023-05-27 13:26:19,8,1
791,YouBike2.0_康寧路三段189巷93弄口,14,1,內湖區,2023-05-27 15:45:16,12,1
793,YouBike2.0_康樂抽水站,15,4,內湖區,2023-05-27 16:05:16,11,1
794,YouBike2.0_環山路三段16巷口,13,3,內湖區,2023-05-27 16:06:16,10,1
795,YouBike2.0_文德一號綠地,15,5,內湖區,2023-05-27 16:03:15,10,1
797,YouBike2.0_行善社會住宅,23,1,內湖區,2023-05-27 16:11:18,22,1
798,YouBike2.0_康寧路三段99巷17弄口,15,0,內湖區,2023-05-27 15:37:04,15,1
799,YouBike2.0_堤頂大道二段407巷口,15,1,內湖區,2023-05-27 15:47:04,14,1
800,YouBike2.0_海德堡科技大樓,12,1,內湖區,2023-05-27 15:21:16,11,1
801,YouBike2.0_致伸科技大樓,17,1,內湖區,2023-05-27 12:38:14,16,1
803,YouBike2.0_大都會客運內湖站,15,0,內湖區,2023-05-27 10:25:05,15,1
804,YouBike2.0_瑞湖公園,15,1,內湖區,2023-05-27 10:44:04,14,1
805,YouBike2.0_台灣世曦大樓,16,1,內湖區,2023-05-27 16:10:22,14,1
807,YouBike2.0_瑞光路358巷口,14,2,內湖區,2023-05-27 16:01:16,12,1
809,YouBike2.0_世紀經貿,16,4,內湖區,2023-05-27 15:56:16,12,1
810,YouBike2.0_民權東路六段56巷口,15,1,內湖區,2023-05-27 16:01:04,13,1
811,YouBike2.0_新湖三行忠路72巷口,15,0,內湖區,2023-05-27 14:30:26,14,1
812,YouBike2.0_新湖三新湖二146巷口,15,0,內湖區,2023-05-27 15:55:11,15,1
815,YouBike2.0_內湖路一段120巷15弄,19,3,內湖區,2023-05-27 06:54:14,16,1
816,YouBike2.0_北勢湖環保公園(堤頂大道側),14,0,內湖區,2023-05-27 15:51:04,14,1
817,YouBike2.0_達爾文大樓,15,2,內湖區,2023-05-27 15:45:16,13,1
820,YouBike2.0_榮華二明德路口,30,3,北投區,2023-05-27 16:06:16,27,1
821,YouBike2.0_捷運明德站(1號出口),23,5,北投區,2023-05-27 16:06:16,16,1
822,YouBike2.0_文林建民路口,20,1,北投區,2023-05-27 16:01:16,19,1
826,YouBike2.0_關渡醫院,14,3,北投區,2023-05-27 15:59:04,8,1
827,YouBike2.0_捷運忠義站(1號出口),17,1,北投區,2023-05-27 15:58:15,16,1
828,YouBike2.0_捷運關渡站(1號出口),54,0,北投區,2023-05-27 16:11:18,52,1
829,YouBike2.0_捷運關渡站(2號出口),14,0,北投區,2023-05-27 16:10:11,14,1
830,YouBike2.0_中央北路四段540巷口,19,2,北投區,2023-05-27 15:46:15,17,1
831,YouBike2.0_大度立德路口,18,1,北投區,2023-05-27 15:58:15,17,1
834,YouBike2.0_豐年公園,20,0,北投區,2023-05-27 14:08:04,20,1
835,YouBike2.0_稻香重三路口,15,2,北投區,2023-05-27 16:10:22,10,1
836,YouBike2.0_國防大學政治作戰學院,30,4,北投區,2023-05-27 16:11:18,24,1
846,YouBike2.0_北投奇岩長青樂活大樓,15,2,北投區,2023-05-27 16:11:18,12,1
849,YouBike2.0_陽明大學,30,3,北投區,2023-05-27 16:10:22,26,1
852,YouBike2.0_捷運石牌站(1號出口),20,5,北投區,2023-05-27 15:34:14,13,1
855,YouBike2.0_振興公園,13,0,北投區,2023-05-27 16:05:05,12,1
858,YouBike2.0_致遠一路二段11巷,22,5,北投區,2023-05-27 16:08:20,14,1
859,YouBike2.0_榮富公園,13,1,北投區,2023-05-27 16:05:16,12,1
861,YouBike2.0_立功立德路口,32,0,北投區,2023-05-27 15:59:04,32,1
865,YouBike2.0_復興公園,14,1,北投區,2023-05-27 15:57:04,13,1
867,YouBike2.0_承德路七段188巷口,16,4,北投區,2023-05-27 16:07:14,11,1
871,YouBike2.0_中和街455巷11弄,13,1,北投區,2023-05-27 16:01:16,11,1
873,YouBike2.0_文化三杏林一路口,17,3,北投區,2023-05-27 16:03:15,14,1
874,YouBike2.0_珠海復興一路口,15,1,北投區,2023-05-27 15:55:23,14,1
875,YouBike2.0_裕民二路33巷,15,4,北投區,2023-05-27 16:05:16,11,1
876,YouBike2.0_新奇岩社會住宅,12,2,北投區,2023-05-27 15:40:22,10,1
881,YouBike2.0_福星公園,18,5,北投區,2023-05-27 16:01:16,12,1
882,YouBike2.0_中庸公園,12,2,北投區,2023-05-27 15:05:16,8,1
883,YouBike2.0_豐年公園_1,18,5,北投區,2023-05-27 15:50:21,13,1
885,YouBike2.0_和信治癌中心醫院,18,5,北投區,2023-05-27 15:58:15,13,1
886,YouBike2.0_致遠新村,15,2,北投區,2023-05-27 16:08:20,13,1
887,YouBike2.0_北投公園露天溫泉,15,1,北投區,2023-05-27 16:03:15,14,1
888,YouBike2.0_中和街493巷9弄口,16,1,北投區,2023-05-27 13:52:04,15,1
893,YouBike2.0_捷運忠義站(2號出口),20,0,北投區,2023-05-27 15:43:04,20,1
894,YouBike2.0_福國承德路口,15,5,北投區,2023-05-27 15:39:14,9,1
896,YouBike2.0_華固創富中心,15,5,北投區,2023-05-27 15:11:16,10,1
901,YouBike2.0_鵬程公園,24,3,松山區,2023-05-27 16:05:16,21,1
904,YouBike2.0_捷運南京三民站(1號出口),35,0,松山區,2023-05-27 16:04:04,35,1
905,YouBike2.0_光復北路11巷口,23,2,松山區,2023-05-27 16:10:22,21,1
906,YouBike2.0_捷運南京三民站(4號出口),13,0,松山區,2023-05-27 16:11:06,12,1
907,YouBike2.0_西松高中,14,2,松山區,2023-05-27 16:09:14,11,1
908,YouBike2.0_民權復興路口,27,0,松山區,2023-05-27 16:06:04,27,1
910,YouBike2.0_民有一號公園,37,0,松山區,2023-05-27 16:09:04,37,1
913,YouBike2.0_三民路166巷口,12,0,松山區,2023-05-27 16:08:04,12,1
915,YouBike2.0_捷運小巨蛋站(2號出口),26,3,松山區,2023-05-27 16:09:14,23,1
917,YouBike2.0_民生國小(敦化北路199巷),20,0,松山區,2023-05-27 15:47:04,19,1
919,YouBike2.0_民權運動公園,21,5,松山區,2023-05-27 16:10:22,16,1
920,YouBike2.0_新東公園,36,3,松山區,2023-05-27 16:10:22,33,1
921,YouBike2.0_民生光復路口,31,5,松山區,2023-05-27 16:04:14,25,1
923,YouBike2.0_八德路三段74巷口,17,3,松山區,2023-05-27 15:58:15,14,1
924,YouBike2.0_八德路三段8巷口,15,3,松山區,2023-05-27 16:04:14,12,1
925,YouBike2.0_三軍總醫院(松山分院),44,0,松山區,2023-05-27 16:11:18,43,1
926,YouBike2.0_平安新城,16,3,松山區,2023-05-27 16:08:20,13,1
927,YouBike2.0_健康社會住宅,20,0,松山區,2023-05-27 15:51:04,18,1
929,YouBike2.0_市民東興路口,25,0,松山區,2023-05-27 16:01:04,24,1
930,YouBike2.0_光復南路22巷口,29,2,松山區,2023-05-27 16:01:16,26,1
931,YouBike2.0_光復南路58巷,12,2,松山區,2023-05-27 16:01:56,7,1
932,YouBike2.0_松山新城,14,5,松山區,2023-05-27 16:06:16,9,1
933,YouBike2.0_內政部營建署,33,2,松山區,2023-05-27 16:09:14,31,1
936,YouBike2.0_健康新城,35,2,松山區,2023-05-27 16:11:18,30,1
938,YouBike2.0_復盛公園,20,3,松山區,2023-05-27 16:03:04,16,1
939,YouBike2.0_中崙福成宮,27,5,松山區,2023-05-27 16:10:22,21,1
940,YouBike2.0_捷運南京復興站(7號出口),15,5,松山區,2023-05-27 16:09:14,10,1
942,YouBike2.0_塔悠疏散門,32,5,松山區,2023-05-27 16:09:14,27,1
947,YouBike2.0_捷運松山站(2號出口),14,2,松山區,2023-05-27 15:41:16,12,1
949,YouBike2.0_南京東路五段59巷口,11,2,松山區,2023-05-27 15:52:14,9,1
950,YouBike2.0_三民公園(塔悠路),20,2,松山區,2023-05-27 16:03:15,18,1
952,YouBike2.0_西松公園,11,3,松山區,2023-05-27 16:05:16,7,1
954,YouBike2.0_復源公園,14,0,松山區,2023-05-27 15:53:04,12,1
957,YouBike2.0_西松高中(健康路325巷),31,2,松山區,2023-05-27 16:09:15,29,1
960,YouBike2.0_介壽國中,12,1,松山區,2023-05-27 16:09:15,10,1
961,YouBike2.0_敦化南京路口(東北側),14,3,松山區,2023-05-27 16:09:15,10,1
962,YouBike2.0_敦化八德路口,20,3,松山區,2023-05-27 16:10:22,17,1
963,YouBike2.0_新東街51巷口,23,1,松山區,2023-05-27 16:10:11,22,1
964,YouBike2.0_八德立體停車場,16,0,松山區,2023-05-27 16:06:04,16,1
965,YouBike2.0_長春慶城街口,16,3,松山區,2023-05-27 15:45:16,13,1
967,YouBike2.0_捷運松山站(1號出口),15,1,松山區,2023-05-27 16:11:18,12,1
968,YouBike2.0_捷運小巨蛋站(3號出口),15,5,松山區,2023-05-27 16:11:18,10,1
969,YouBike2.0_捷運小巨蛋站(5號出口)_1,20,2,松山區,2023-05-27 16:10:22,16,1
970,YouBike2.0_敦化北路155巷口,30,1,松山區,2023-05-27 15:28:04,29,1
971,YouBike2.0_民生復興路口,17,3,松山區,2023-05-27 15:56:16,14,1
973,YouBike2.0_龍城市場,15,4,松山區,2023-05-27 16:01:16,10,1
975,YouBike2.0_塔悠基隆路口(麥帥一橋下),20,5,松山區,2023-05-27 16:09:15,15,1
976,YouBike2.0_五常街370巷,11,3,松山區,2023-05-27 15:34:14,8,1
980,YouBike2.0_忠孝東路六段225巷口,35,2,南港區,2023-05-27 16:09:15,33,1
983,YouBike2.0_合心廣場,38,1,南港區,2023-05-27 16:06:16,37,1
984,YouBike2.0_成德國中,26,2,南港區,2023-05-27 15:42:14,23,1
985,YouBike2.0_玉成公園,26,4,南港區,2023-05-27 16:03:15,22,1
988,YouBike2.0_國家生技園區,30,0,南港區,2023-05-27 15:50:10,29,1
990,YouBike2.0_中研公園,40,1,南港區,2023-05-27 16:09:04,39,1
991,YouBike2.0_福山公園,20,2,南港區,2023-05-27 15:52:14,18,1
993,YouBike2.0_凌雲市場,20,0,南港區,2023-05-27 16:11:18,20,1
994,YouBike2.0_市民大道八段532號,15,4,南港區,2023-05-27 15:55:24,11,1
995,YouBike2.0_捷運南港軟體園區(2號出口),34,1,南港區,2023-05-27 16:09:15,33,1
996,YouBike2.0_南港國小,30,5,南港區,2023-05-27 15:11:16,25,1
997,YouBike2.0_興中立體停車場(興中路),26,0,南港區,2023-05-27 16:10:11,26,1
998,YouBike2.0_臺北市立圖書館南港分館,40,4,南港區,2023-05-27 16:07:14,36,1
1000,YouBike2.0_向陽南港路口,21,0,南港區,2023-05-27 15:59:05,20,1
1004,YouBike2.0_東新國小,22,2,南港區,2023-05-27 16:08:20,19,1
1005,YouBike2.0_中華科技大學,20,3,南港區,2023-05-27 16:07:14,17,1
1006,YouBike2.0_六福公園,19,2,南港區,2023-05-27 15:30:44,17,1
1007,YouBike2.0_南港加壓站,24,1,南港區,2023-05-27 16:11:07,23,1
1008,YouBike2.0_臺北流行音樂中心(南港路),21,2,南港區,2023-05-27 16:11:18,19,1
1009,YouBike2.0_興南公園,26,3,南港區,2023-05-27 16:11:18,23,1
1012,YouBike2.0_忠孝東路七段527巷口,15,5,南港區,2023-05-27 16:08:20,10,1
1014,YouBike2.0_世貿公園,35,0,南港區,2023-05-27 16:10:22,34,1
1015,YouBike2.0_凌雲五村(研究院路三段8巷),26,0,南港區,2023-05-27 15:23:04,26,1
1016,YouBike2.0_新新公園(昆陽街60巷),20,0,南港區,2023-05-27 15:03:04,20,1
1017,YouBike2.0_南港高中(昆陽街),14,0,南港區,2023-05-27 16:09:04,13,1
1018,YouBike2.0_南港路三段290巷口,20,2,南港區,2023-05-27 15:45:16,18,1
1019,YouBike2.0_南港路三段220巷口,25,1,南港區,2023-05-27 15:55:24,23,1
1021,YouBike2.0_八德中坡路口,26,5,南港區,2023-05-27 16:09:15,21,1
1022,YouBike2.0_捷運後山埤站(3號出口),12,0,南港區,2023-05-15 07:23:15,12,0
1023,YouBike2.0_玉成公園運動中心,15,0,南港區,2023-05-27 16:09:04,15,1
1024,YouBike2.0_百福公園,18,1,南港區,2023-05-27 15:31:15,16,1
1026,YouBike2.0_園區重陽路口,13,1,南港區,2023-05-27 16:06:16,12,1
1028,YouBike2.0_胡適公園,20,1,南港區,2023-05-27 14:23:15,19,1
1030,YouBike2.0_經貿公園,20,2,南港區,2023-05-27 15:21:17,18,1
1031,YouBike2.0_育成高中,20,5,南港區,2023-05-27 16:05:16,15,1
1033,YouBike2.0_力行橋(南港),18,0,南港區,2023-05-27 15:57:04,18,1
1034,YouBike2.0_舊莊國小(舊莊街一段),15,1,南港區,2023-05-27 16:11:07,14,1
1035,YouBike2.0_向陽公園,17,2,南港區,2023-05-27 16:06:16,15,1
1039,YouBike2.0_成德綠地,17,5,南港區,2023-05-27 16:09:15,12,1
1042,YouBike2.0_昆陽公園,14,0,南港區,2023-05-27 14:46:04,14,1
1043,YouBike2.0_南港路二段178巷口,18,1,南港區,2023-05-27 16:08:20,16,1
1046,YouBike2.0_玉成公園(成福路178巷口),18,1,南港區,2023-05-27 16:01:16,15,1
1047,YouBike2.0_玉東公園(東新街),14,3,南港區,2023-05-27 15:38:15,11,1
1049,YouBike2.0_成福路197巷口,15,0,南港區,2023-05-27 16:05:05,15,1
1050,YouBike2.0_南港疏散門(基三號疏散門),15,4,南港區,2023-05-27 16:05:16,11,1
1052,YouBike2.0_南港展覽館2館,18,0,南港區,2023-05-27 14:17:24,18,1
1053,YouBike2.0_舊莊派出所,15,2,南港區,2023-05-27 15:40:22,13,1
1054,YouBike2.0_南港路三段80巷,15,4,南港區,2023-05-27 15:57:14,11,1
1056,YouBike2.0_忠孝東路六段278巷口,14,1,南港區,2023-05-27 15:57:04,13,1
1058,YouBike2.0_南港路三段130巷口,12,1,南港區,2023-05-27 16:07:14,11,1
1060,YouBike2.0_忠孝東路六段212巷口,15,4,南港區,2023-05-27 15:45:16,10,1
1061,YouBike2.0_新富公園,13,2,南港區,2023-05-27 16:11:18,11,1
1065,YouBike2.0_基隆路二段159巷口,14,1,信義區,2023-05-27 16:06:16,10,1
1066,YouBike2.0_嘉興街175巷口,16,1,信義區,2023-05-27 16:07:14,14,1
1071,YouBike2.0_三興公園,31,2,信義區,2023-05-27 16:09:15,29,1
1073,YouBike2.0_捷運象山站(2號出口),31,4,信義區,2023-05-27 16:11:18,21,1
1075,YouBike2.0_松仁路253巷3弄,26,1,信義區,2023-05-27 16:09:15,24,1
1077,YouBike2.0_捷運象山站(1號出口),24,0,信義區,2023-05-27 16:03:04,23,1
1079,YouBike2.0_中全公園,17,3,信義區,2023-05-27 16:10:22,14,1
1080,YouBike2.0_台北市災害應變中心,45,2,信義區,2023-05-27 16:11:18,42,1
1083,YouBike2.0_景新公園,17,1,信義區,2023-05-27 16:10:22,16,1
1084,YouBike2.0_光復信義路口東南側,16,1,信義區,2023-05-27 16:11:18,14,1
1085,YouBike2.0_三張犁,40,0,信義區,2023-05-27 16:11:18,36,1
1086,YouBike2.0_仁愛路四段496巷口,34,5,信義區,2023-05-27 16:05:16,28,1
1088,YouBike2.0_松友公園,27,0,信義區,2023-05-27 16:09:04,26,1
1089,YouBike2.0_林口公園,41,4,信義區,2023-05-27 16:08:20,37,1
1096,YouBike2.0_市民廣場,30,1,信義區,2023-05-27 15:53:15,29,1
1099,YouBike2.0_春光公園,30,4,信義區,2023-05-27 16:03:15,25,1
1102,YouBike2.0_福德公園,35,4,信義區,2023-05-27 16:11:18,30,1
1105,YouBike2.0_福祥公園,19,2,信義區,2023-05-27 16:08:04,17,1
1107,YouBike2.0_泰和公園,34,0,信義區,2023-05-27 16:10:22,33,1
1108,YouBike2.0_興雅國小(基隆路一段37巷),15,2,信義區,2023-05-27 16:10:22,11,1
1109,YouBike2.0_雅祥公園(松信路50巷口),12,2,信義區,2023-05-27 15:33:15,10,1
1111,YouBike2.0_五常公園,19,0,信義區,2023-05-27 16:04:04,17,1
1113,YouBike2.0_三興國小,22,0,信義區,2023-05-27 16:10:22,22,1
1114,YouBike2.0_市民松信路口,20,0,信義區,2023-05-27 16:08:04,18,1
1116,YouBike2.0_基隆光復路口,17,1,信義區,2023-05-27 15:42:04,16,1
1117,YouBike2.0_基隆忠孝路口西南側,14,4,信義區,2023-05-27 16:09:15,8,1
1118,YouBike2.0_泰和里民活動中心,18,1,信義區,2023-05-27 16:05:16,16,1
1120,YouBike2.0_虎林永吉路口,15,0,信義區,2023-05-27 16:11:07,14,1
1121,YouBike2.0_永吉公園,18,1,信義區,2023-05-27 16:11:18,16,1
1122,YouBike2.0_永吉路321巷口,15,0,信義區,2023-05-27 16:06:04,15,1
1123,YouBike2.0_松山永吉路口,20,4,信義區,2023-05-27 16:04:14,16,1
1124,YouBike2.0_松山路292巷口,17,3,信義區,2023-05-27 16:10:22,13,1
1128,YouBike2.0_松德虎林街口,25,2,信義區,2023-05-27 16:08:20,21,1
1129,YouBike2.0_富台公園,25,3,信義區,2023-05-27 16:11:18,22,1
1131,YouBike2.0_捷運永春站(2號出口),28,1,信義區,2023-05-27 16:11:18,27,1
1132,YouBike2.0_吳興街260巷,32,2,信義區,2023-05-27 16:08:20,30,1
1135,YouBike2.0_安強公園,20,4,信義區,2023-05-27 16:09:15,15,1
1136,YouBike2.0_信義基隆路口,20,0,信義區,2023-05-27 16:06:04,19,1
1138,YouBike2.0_吳興街284巷36弄口,25,4,信義區,2023-05-27 16:06:16,19,1
1140,YouBike2.0_福德國小公車站,10,0,信義區,2023-05-27 15:48:04,10,1
1143,YouBike2.0_景聯廣場,13,3,信義區,2023-05-27 16:10:22,9,1
1144,YouBike2.0_景平公園,13,2,信義區,2023-05-27 16:04:14,11,1
1146,YouBike2.0_五分埔公園,18,1,信義區,2023-05-27 15:53:15,17,1
1147,YouBike2.0_松仁路305號,14,1,信義區,2023-05-27 16:11:18,13,1
1148,YouBike2.0_吳興街394巷口,12,4,信義區,2023-05-27 16:10:22,8,1
1151,YouBike2.0_松仁松平路口,10,3,信義區,2023-05-27 16:10:22,7,1
1152,YouBike2.0_信義松德路口,18,3,信義區,2023-05-27 16:11:18,15,1
1153,YouBike2.0_捷運市政府站(4號出口),14,5,信義區,2023-05-27 16:11:18,5,1
1154,YouBike2.0_吳興街284巷(廣安宮),15,5,信義區,2023-05-27 16:11:18,9,1
1155,YouBike2.0_景勤二號公園(西南側),22,2,信義區,2023-05-27 15:52:14,19,1
1156,YouBike2.0_克勤新村,18,2,信義區,2023-05-27 16:10:22,15,1
1157,YouBike2.0_和平東路三段291號,15,2,信義區,2023-05-27 16:04:14,13,1
1163,YouBike2.0_國興水源路口,14,3,萬華區,2023-05-27 16:04:14,11,1
1166,YouBike2.0_青年公園棒球場,28,3,萬華區,2023-05-27 16:04:14,25,1
1167,YouBike2.0_青年公園籃球場,16,5,萬華區,2023-05-27 16:11:18,9,1
1169,YouBike2.0_新和國小,20,4,萬華區,2023-05-27 15:52:14,14,1
1171,YouBike2.0_莒光立體停車場,10,0,萬華區,2023-05-27 15:56:04,10,1
1174,YouBike2.0_華中疏散門,12,0,萬華區,2023-05-27 15:23:04,11,1
1176,YouBike2.0_忠德公園,19,5,萬華區,2023-05-27 16:08:20,14,1
1180,YouBike2.0_長順區民活動中心,26,4,萬華區,2023-05-27 16:02:15,21,1
1183,YouBike2.0_環河南雙園街口,15,4,萬華區,2023-05-27 15:32:14,11,1
1185,YouBike2.0_糖廍文化園區,14,1,萬華區,2023-05-27 16:06:16,12,1
1187,YouBike2.0_萬華青年公宅,23,4,萬華區,2023-05-27 16:04:14,19,1
1191,YouBike2.0_貓公園(中興橋頭),15,0,萬華區,2023-05-27 15:25:05,14,1
1193,YouBike2.0_中華桂林路口,28,1,萬華區,2023-05-27 16:11:18,27,1
1199,YouBike2.0_萬華火車站(D2廣場),17,3,萬華區,2023-05-27 16:10:22,14,1
1201,YouBike2.0_臺北市電影主題公園(峨嵋街),15,5,萬華區,2023-05-27 16:09:15,10,1
1204,YouBike2.0_萬華266號綠地,15,1,萬華區,2023-05-27 16:10:22,14,1
1206,YouBike2.0_德昌街10巷口,10,5,萬華區,2023-05-27 16:10:22,4,1
1208,YouBike2.0_長順街60巷口,15,2,萬華區,2023-05-27 15:57:14,13,1
1211,YouBike2.0_柳鄉公園,21,3,萬華區,2023-05-27 15:53:15,16,1
1212,YouBike2.0_綠堤社區公園,22,2,萬華區,2023-05-27 15:39:15,20,1
1214,YouBike2.0_富民路145巷口,20,5,萬華區,2023-05-27 15:21:17,15,1
1216,YouBike2.0_龍山國中,15,1,萬華區,2023-05-27 16:03:04,14,1
1217,YouBike2.0_洛陽停車場,22,3,萬華區,2023-05-27 16:05:16,17,1
1218,YouBike2.0_桂林昆明街口,20,0,萬華區,2023-05-27 16:10:11,20,1
1220,YouBike2.0_青年公園3號出口,38,5,萬華區,2023-05-27 16:10:22,30,1
1224,YouBike2.0_萬大路493巷,10,3,萬華區,2023-05-27 15:24:14,6,1
1225,YouBike2.0_雙園國中地下停車場,12,4,萬華區,2023-05-27 15:25:16,7,1
1226,YouBike2.0_青年路152巷口,16,5,萬華區,2023-05-27 16:11:18,10,1
1228,YouBike2.0_臺大卓越研究大樓,32,1,臺大專區,2023-05-27 16:08:20,28,1
1230,YouBike2.0_臺大檔案展示館,10,2,臺大專區,2023-05-27 13:57:15,7,1
1232,YouBike2.0_臺大男八舍東側,42,1,臺大專區,2023-05-27 16:08:04,41,1
1233,YouBike2.0_臺大禮賢樓東南側,23,0,臺大專區,2023-05-27 16:09:04,23,1
1234,YouBike2.0_臺大農業陳列館北側,45,3,臺大專區,2023-05-27 16:09:15,41,1
1237,YouBike2.0_臺大大一女舍北側,53,2,臺大專區,2023-05-27 16:09:15,51,1
1239,YouBike2.0_臺大小福樓東側,31,2,臺大專區,2023-05-27 16:10:22,29,1
1240,YouBike2.0_臺大立體機車停車場,27,2,臺大專區,2023-05-27 15:35:15,25,1
1244,YouBike2.0_臺大樂學館東側,28,4,臺大專區,2023-05-27 16:10:22,24,1
1245,YouBike2.0_臺大農化新館西側,10,0,臺大專區,2023-05-27 15:58:04,9,1
1246,YouBike2.0_臺大五號館西側,20,2,臺大專區,2023-05-27 15:58:15,17,1
1249,YouBike2.0_臺大共同教室東南側,12,1,臺大專區,2023-05-27 16:04:14,10,1
1250,YouBike2.0_臺大鹿鳴堂東側,27,3,臺大專區,2023-05-27 16:10:22,23,1
1251,YouBike2.0_臺大公館停車場西北側,12,2,臺大專區,2023-05-27 15:59:15,10,1
1252,YouBike2.0_臺大第二行政大樓南側,27,2,臺大專區,2023-05-27 16:11:18,25,1
1254,YouBike2.0_臺大二號館,10,3,臺大專區,2023-05-27 16:09:15,7,1
1259,YouBike2.0_臺大椰林小舖,48,2,臺大專區,2023-05-27 16:10:22,45,1
1266,YouBike2.0_臺大森林館北側,10,1,臺大專區,2023-05-27 16:03:15,9,1
1267,YouBike2.0_臺大一號館,19,4,臺大專區,2023-05-27 16:11:18,15,1
1268,YouBike2.0_臺大小小福西南側,10,0,臺大專區,2023-05-27 13:55:12,10,1
1269,YouBike2.0_臺大教研館北側,11,0,臺大專區,2023-05-27 16:05:05,11,1
1270,YouBike2.0_臺大四號館東北側,10,2,臺大專區,2023-05-27 16:11:07,8,1
1272,YouBike2.0_臺大鄭江樓北側,10,2,臺大專區,2023-05-27 16:08:20,8,1
1273,YouBike2.0_臺大電機二館東南側,14,2,臺大專區,2023-05-27 15:49:15,12,1
